Title,Open,High,Low,Last,Volume,Tick Vol,Open Int,Bid,Ask,Bid/Ask Spread,Net,Dys Left,Time Val.,Intrin.Val.,Type
AAPL Sep14 100 Call,3.50,3.75,3.20,3.45,16856,0,102802,3.40,3.45,0.05,+0.2,25,1.75,1.69,Call
AAPL Sep14 100 Call,3.15,3.45,2.86,3.05,1951,0,11795,3.05,3.15,0.10,+0.13,25,1.35,1.69,Call
AAPL Sep14 100 Call,3.91,4.00,3.55,3.70,1025,0,3668,3.70,3.75,0.05,+0.15,25,2.00,1.69,Call
AAPL Sep14 100 Call,2.44,2.75,2.10,2.30,5579,0,13875,2.31,2.35,0.03,+0.06,25,0.60,1.69,Call
AAPL Sep14 101 Call,2.90,3.14,2.63,2.86,5260,0,17587,2.84,2.86,0.02,+0.13,25,2.16,0.69,Call
AAPL Sep14 101 Call,2.62,2.80,2.35,2.50,1673,0,27574,2.49,2.50,0.01,+0.13,25,1.80,0.69,Call
AAPL Sep14 101 Call,3.20,3.39,3.00,3.04,817,0,1969,3.10,3.20,0.10,+0.12,25,2.34,0.69,Call
AAPL Sep14 101 Call,1.83,2.06,1.50,1.70,4031,0,12828,1.67,1.69,0.02,+0.07,25,1.00,0.69,Call
AAPL Sep14 102 Call,2.46,2.59,2.16,2.34,4932,0,9954,2.31,2.33,0.01,+0.13,25,2.34,0.00,Call
AAPL Sep14 102 Call,2.09,2.23,1.81,1.98,2147,0,4116,1.95,1.98,0.03,+0.11,25,1.98,0.00,Call
AAPL Sep14 102 Call,2.61,2.88,2.45,2.61,1300,0,1622,2.63,2.67,0.04,+0.13,25,2.61,0.00,Call
AAPL Sep14 102 Call,1.27,1.47,0.98,1.15,6199,0,10053,1.14,1.15,0.01,+0.01,25,1.14,0.00,Call
AAPL Sep14 103 Call,1.95,2.11,1.74,1.85,2469,0,7118,1.87,1.89,0.02,+0.08,25,1.85,0.00,Call
AAPL Sep14 103 Call,1.61,1.75,1.42,1.50,1958,0,2451,1.51,1.54,0.03,+0.05,25,1.50,0.00,Call
AAPL Sep14 103 Call,2.25,2.39,2.08,2.16,854,0,1024,2.19,2.21,0.02,+0.08,25,2.15,0.00,Call
AAPL Sep14 103 Call,0.85,0.99,0.66,0.75,5874,0,22365,0.73,0.75,0.02,+0.01,25,0.75,0.00,Call
AAPL Sep14 104 Call,1.54,1.69,1.38,1.50,1479,0,6698,1.49,1.51,0.02,+0.1,25,1.50,0.00,Call
AAPL Sep14 104 Call,1.19,1.35,1.09,1.15,1062,0,4114,1.15,1.18,0.03,+0.06,25,1.14,0.00,Call
AAPL Sep14 104 Call,1.95,1.96,1.72,1.72,82,0,865,1.78,1.84,0.06,+0.08,25,1.72,0.00,Call
AAPL Sep14 104 Call,0.55,0.65,0.39,0.46,2826,0,3336,0.44,0.46,0.02,-0.03,25,0.46,0.00,Call
AAPL Sep14 105 Call,1.22,1.35,1.08,1.17,11229,0,120865,1.17,1.19,0.02,+0.04,25,1.17,0.00,Call
AAPL Sep14 105 Call,0.91,1.03,0.80,0.88,991,0,5227,0.86,0.88,0.02,+0.05,25,0.88,0.00,Call
AAPL Sep14 105 Call,1.41,1.62,1.37,1.44,679,0,3527,1.45,1.49,0.04,+0.09,25,1.44,0.00,Call
AAPL Sep14 105 Call,0.35,0.40,0.24,0.26,2563,0,6800,0.26,0.27,0.01,-0.04,25,0.26,0.00,Call
AAPL Sep14 106 Call,0.97,1.05,0.86,0.93,1010,0,2291,0.91,0.93,0.02,+0.06,25,0.93,0.00,Call
AAPL Sep14 106 Call,0.66,0.78,0.62,0.62,335,0,1764,0.64,0.66,0.02,-0.01,25,0.62,0.00,Call
AAPL Sep14 106 Call,1.15,1.28,1.15,1.17,163,0,1402,1.17,1.19,0.02,+0.12,25,1.17,0.00,Call
AAPL Sep14 106 Call,0.21,0.25,0.14,0.16,1159,0,5961,0.15,0.16,0.01,+0,25,0.16,0.00,Call
AAPL Sep14 107 Call,0.72,0.81,0.65,0.70,901,0,4093,0.71,0.72,0.01,+0.06,25,0.70,0.00,Call
AAPL Sep14 107 Call,0.50,0.56,0.46,0.48,325,0,979,0.46,0.48,0.02,+0.02,25,0.48,0.00,Call
AAPL Sep14 107 Call,1.00,1.04,0.90,0.90,115,0,797,0.93,0.96,0.03,+0.04,25,0.89,0.00,Call
AAPL Sep14 107 Call,0.15,0.16,0.08,0.09,1087,0,6369,0.09,0.10,0.01,-0.02,25,0.09,0.00,Call
AAPL Sep14 108 Call,0.56,0.62,0.52,0.55,627,0,3714,0.54,0.56,0.02,+0.03,25,0.54,0.00,Call
AAPL Sep14 108 Call,0.40,0.41,0.33,0.34,129,0,848,0.34,0.36,0.02,-0.05,25,0.34,0.00,Call
AAPL Sep14 108 Call,0.82,0.85,0.72,0.78,85,0,170,0.74,0.78,0.04,+0.09,25,0.77,0.00,Call
AAPL Sep14 108 Call,0.09,0.09,0.06,0.06,445,0,7334,0.05,0.06,0.01,-0.03,25,0.06,0.00,Call
AAPL Sep14 109 Call,0.47,0.49,0.40,0.42,1760,0,2607,0.42,0.43,0.01,+0.04,25,0.42,0.00,Call
AAPL Sep14 109 Call,0.31,0.31,0.27,0.27,105,0,786,0.24,0.28,0.04,+0.03,25,0.26,0.00,Call
AAPL Sep14 109 Call,0.66,0.66,0.62,0.62,15,0,182,0.57,0.63,0.05,+0,25,0.62,0.00,Call
AAPL Sep14 109 Call,0.06,0.06,0.04,0.04,376,0,319,0.03,0.05,0.02,-0.02,25,0.04,0.00,Call
AAPL Sep14 110 Call,0.36,0.39,0.30,0.33,5471,0,28500,0.32,0.34,0.02,+0.02,25,0.32,0.00,Call
AAPL Sep14 110 Call,0.24,0.24,0.18,0.19,255,0,885,0.19,0.20,0.01,+0.01,25,0.19,0.00,Call
AAPL Sep14 110 Call,0.45,0.55,0.45,0.50,144,0,799,0.47,0.49,0.02,+0.04,25,0.50,0.00,Call
AAPL Sep14 110 Call,0.04,0.04,0.03,0.03,130,0,573,0.02,0.03,0.01,-0.02,25,0.03,0.00,Call
AAPL Sep14 111 Call,0.25,0.28,0.23,0.26,411,0,839,0.25,0.26,0.01,+0.04,25,0.26,0.00,Call
AAPL Sep14 111 Call,0.17,0.18,0.15,0.15,185,0,231,0.13,0.16,0.03,+0.01,25,0.15,0.00,Call
AAPL Sep14 111 Call,0.42,0.42,0.42,0.42,40,0,321,0.36,0.40,0.04,+0.04,25,0.42,0.00,Call
AAPL Sep14 111 Call,0.05,0.05,0.05,0.05,0,0,68,0.02,0.03,0.01,+0,25,0.05,0.00,Call
AAPL Sep14 112 Call,0.21,0.23,0.19,0.19,362,0,600,0.19,0.21,0.02,+0.01,25,0.19,0.00,Call
AAPL Sep14 112 Call,0.15,0.15,0.11,0.11,22,0,22,0.10,0.13,0.03,-0.03,25,0.11,0.00,Call
AAPL Sep14 112 Call,0.32,0.34,0.28,0.28,53,0,0,0.28,0.32,0.03,-0.03,25,0.28,0.00,Call
AAPL Sep14 112 Call,0.02,0.02,0.02,0.02,3,0,7,0.01,0.02,0.01,-0.02,25,0.02,0.00,Call
AAPL Sep14 113 Call,0.18,0.18,0.16,0.16,202,0,760,0.15,0.16,0.01,+0,25,0.16,0.00,Call
AAPL Sep14 113 Call,0.11,0.12,0.11,0.12,0,0,65,0.08,0.10,0.02,+0.01,25,0.12,0.00,Call
AAPL Sep14 113 Call,,,,,,0,0,0.22,0.26,0.04,,25,-1.00,0.00,Call
AAPL Sep14 113 Call,0.03,0.03,0.03,0.03,0,0,64,0.01,0.02,0.01,+0,25,0.03,0.00,Call
AAPL Sep14 114 Call,0.05,0.05,0.05,0.05,0,0,10,0.06,0.09,0.03,+0,25,0.05,0.00,Call
AAPL Sep14 114 Call,0.20,0.20,0.20,0.20,2,0,0,0.18,0.21,0.03,+0,25,0.20,0.00,Call
AAPL Sep14 114 Call,,,,,,0,0,0.01,0.01,0.00,,25,-1.00,0.00,Call
AAPL Sep14 115 Call,0.11,0.12,0.10,0.10,2035,0,4809,0.10,0.11,0.01,+0.01,25,0.10,0.00,Call
AAPL Sep14 115 Call,0.05,0.05,0.05,0.05,21,0,0,0.05,0.06,0.01,+0,25,0.05,0.00,Call
AAPL Sep14 115 Call,,,,,,0,0,0.15,0.18,0.03,,25,-1.00,0.00,Call
AAPL Sep14 115 Call,0.02,0.02,0.02,0.02,3,0,6,0.01,0.01,0.00,-0.03,25,0.02,0.00,Call
AAPL Sep14 116 Call,0.14,0.16,0.14,0.16,8,0,0,0.12,0.15,0.03,+0.02,25,0.16,0.00,Call
AAPL Sep14 116 Call,0.05,0.05,0.04,0.04,0,0,136,0.01,0.01,0.00,+0,25,0.04,0.00,Call
AAPL Sep14 117 Call,,,,,,0,0,0.09,0.13,0.04,,25,-1.00,0.00,Call
AAPL Sep14 117 Call,0.01,0.01,0.01,0.01,0,0,10,0.01,0.01,0.00,-0.01,25,0.01,0.00,Call
AAPL Sep14 118 Call,,,,,,0,0,0.07,0.11,0.04,,25,-1.00,0.00,Call
AAPL Sep14 118 Call,0.07,0.08,0.07,0.08,0,0,11,0.01,0.01,0.00,+0,25,0.08,0.00,Call
AAPL Sep14 119 Call,,,,,,0,0,0.06,0.10,0.04,,25,-1.00,0.00,Call
AAPL Sep14 119 Call,0.03,0.03,0.03,0.03,0,0,15,,0.01,,-0.04,25,0.03,0.00,Call
AAPL Sep14 120 Call,0.03,0.05,0.03,0.04,40,0,5679,0.03,0.04,0.01,+0,25,0.04,0.00,Call
AAPL Sep14 120 Call,0.11,0.11,0.11,0.11,0,0,1,0.01,0.05,0.04,+0,25,0.11,0.00,Call
AAPL Sep14 120 Call,0.07,0.07,0.07,0.07,4,0,0,0.04,0.09,0.05,+0,25,0.06,0.00,Call
AAPL Sep14 120 Call,0.07,0.07,0.07,0.07,0,0,1,,0.01,,+0,25,0.06,0.00,Call
AAPL Sep14 125 Call,0.02,0.02,0.02,0.02,2,0,5126,0.01,0.02,0.01,+0,25,0.02,0.00,Call
AAPL Sep14 130 Call,0.01,0.01,0.01,0.01,714,0,1990,0.01,0.01,0.00,+0,25,0.01,0.00,Call
AAPL Sep14 135 Call,0.01,0.01,0.01,0.01,0,0,58,,0.01,,+0,25,0.01,0.00,Call
AAPL Sep14 140 Call,0.01,0.01,0.01,0.01,0,0,42,,0.01,,-0.01,25,0.01,0.00,Call
AAPL Sep14 145 Call,,,,,,0,0,,0.01,,,25,-1.00,0.00,Call
AAPL Sep14 150 Call,,,,,,0,0,,0.01,,,25,-1.00,0.00,Call
AAPL Sep14 50 Call,45.40,45.40,45.40,45.40,0,0,1,51.65,51.85,0.20,-0.1,25,-6.29,51.69,Call
AAPL Sep14 55 Call,46.70,46.70,46.70,46.70,5,0,7,46.65,46.80,0.15,+4.03,25,0.00,46.69,Call
AAPL Sep14 60 Call,,,,,,0,0,41.65,41.80,0.15,,25,-42.69,41.69,Call
AAPL Sep14 65 Call,,,,,,0,0,36.65,36.85,0.20,,25,-37.69,36.69,Call
AAPL Sep14 70 Call,30.80,30.80,30.80,30.80,0,0,44,31.65,31.85,0.20,+0.8,25,-0.89,31.69,Call
AAPL Sep14 74.5 Call,,,,,,0,0,27.20,27.35,0.15,,25,-28.19,27.19,Call
AAPL Sep14 75 Call,27.20,27.20,26.65,27.00,34,0,390,26.70,26.85,0.15,+0.7,25,0.30,26.69,Call
AAPL Sep14 76 Call,25.00,25.00,25.00,25.00,0,0,137,25.70,25.85,0.15,+0.25,25,-0.69,25.69,Call
AAPL Sep14 79 Call,21.90,21.90,21.90,21.90,0,0,154,22.65,22.85,0.20,+1.7,25,-0.79,22.69,Call
AAPL Sep14 80 Call,21.90,22.05,21.65,21.65,49,0,2111,21.70,21.85,0.15,+0.25,25,-0.04,21.69,Call
AAPL Sep14 80 Call,21.45,21.45,21.45,21.45,0,0,9,21.70,21.90,0.20,+0.95,25,-0.24,21.69,Call
AAPL Sep14 80 Call,,,,,,0,0,21.65,21.80,0.15,,25,-22.69,21.69,Call
AAPL Sep14 81 Call,20.25,20.25,20.25,20.25,0,0,220,20.75,20.85,0.10,+0.75,25,-0.44,20.69,Call
AAPL Sep14 81 Call,15.05,15.05,15.05,15.05,0,0,10,20.70,20.90,0.20,+0.75,25,-5.64,20.69,Call
AAPL Sep14 82 Call,,,,,,0,0,19.70,19.90,0.20,,25,-20.69,19.69,Call
AAPL Sep14 82.5 Call,19.70,19.70,18.95,19.25,51,0,797,19.25,19.35,0.10,+0.55,25,0.05,19.19,Call
AAPL Sep14 83 Call,,,,,,0,0,18.70,18.90,0.20,,25,-19.69,18.69,Call
AAPL Sep14 83 Call,18.43,18.43,18.43,18.43,1,0,81,18.70,18.80,0.10,+4.51,25,-0.26,18.69,Call
AAPL Sep14 84 Call,18.11,18.11,18.11,18.11,1,0,122,17.75,17.85,0.10,+1.46,25,0.41,17.69,Call
AAPL Sep14 84 Call,16.55,16.55,16.55,16.55,0,0,14,17.75,17.85,0.10,-0.35,25,-1.14,17.69,Call
AAPL Sep14 84 Call,,,,,,0,0,17.75,17.90,0.15,,25,-18.69,17.69,Call
AAPL Sep14 84 Call,16.35,16.35,16.35,16.35,0,0,8,17.70,17.80,0.10,+1.4,25,-1.34,17.69,Call
AAPL Sep14 85 Call,16.92,17.15,16.74,16.75,194,0,3136,16.75,16.89,0.15,+0.25,25,0.05,16.69,Call
AAPL Sep14 85 Call,16.80,17.00,16.67,17.00,17,0,136,16.75,16.85,0.10,+0.5,25,0.30,16.69,Call
AAPL Sep14 85 Call,17.15,17.15,17.15,17.15,14,0,33,16.75,16.89,0.15,+1.17,25,0.45,16.69,Call
AAPL Sep14 85 Call,12.72,12.84,12.72,12.75,0,0,18,16.70,16.80,0.10,+0.83,25,-3.94,16.69,Call
AAPL Sep14 86 Call,13.00,13.30,13.00,13.30,0,0,9,15.75,15.90,0.15,+0.3,25,-2.39,15.69,Call
AAPL Sep14 86 Call,10.35,10.35,10.35,10.35,0,0,56,15.75,15.90,0.15,+0.51,25,-5.34,15.69,Call
AAPL Sep14 86 Call,14.60,15.10,14.60,15.10,0,0,4,15.75,15.95,0.20,+1.85,25,-0.59,15.69,Call
AAPL Sep14 86 Call,,,,,,0,0,15.70,15.80,0.10,,25,-16.69,15.69,Call
AAPL Sep14 87 Call,11.20,11.20,11.20,11.20,0,0,29,14.75,14.90,0.15,+1.8,25,-3.49,14.69,Call
AAPL Sep14 87 Call,14.28,14.28,14.28,14.28,0,0,111,14.80,14.95,0.15,+3.88,25,-0.41,14.69,Call
AAPL Sep14 87 Call,15.00,15.00,15.00,15.00,3,0,54,14.70,14.85,0.15,+5.02,25,0.30,14.69,Call
AAPL Sep14 87.5 Call,13.75,14.79,13.75,14.31,30,0,8270,14.30,14.40,0.10,+0.35,25,0.11,14.19,Call
AAPL Sep14 88 Call,13.37,13.37,13.37,13.37,0,0,50,13.70,13.90,0.20,+0.7,25,-0.32,13.69,Call
AAPL Sep14 88 Call,9.55,9.55,9.55,9.55,0,0,100,13.80,14.00,0.20,+0,25,-4.14,13.69,Call
AAPL Sep14 88 Call,7.60,7.60,7.40,7.40,0,0,28,13.70,13.85,0.15,+0.4,25,-6.29,13.69,Call
AAPL Sep14 89 Call,12.25,12.30,12.25,12.30,0,0,169,12.80,12.95,0.15,+0.35,25,-0.39,12.69,Call
AAPL Sep14 89 Call,10.69,10.95,10.69,10.90,0,0,1296,12.70,12.90,0.20,+0.38,25,-1.79,12.69,Call
AAPL Sep14 89 Call,10.13,10.13,10.13,10.13,0,0,101,12.85,13.00,0.15,+0.73,25,-2.56,12.69,Call
AAPL Sep14 89 Call,7.60,7.60,7.60,7.60,0,0,82,12.70,12.85,0.15,+1.92,25,-5.09,12.69,Call
AAPL Sep14 90 Call,11.90,12.32,11.55,11.82,688,0,17150,11.85,11.95,0.10,+0.37,25,0.12,11.69,Call
AAPL Sep14 90 Call,12.10,12.10,11.80,11.82,37,0,703,11.80,11.95,0.15,+0.47,25,0.12,11.69,Call
AAPL Sep14 90 Call,12.00,12.30,12.00,12.00,10,0,2830,11.85,12.05,0.20,+0.37,25,0.30,11.69,Call
AAPL Sep14 90 Call,11.53,11.74,11.45,11.65,219,0,303,11.70,11.85,0.15,+0.35,25,-0.04,11.69,Call
AAPL Sep14 91 Call,11.06,11.20,11.06,11.20,11,0,164,10.90,11.00,0.10,+0.8,25,0.50,10.69,Call
AAPL Sep14 91 Call,10.74,10.74,10.74,10.74,60,0,198,10.75,10.95,0.20,+1.25,25,0.04,10.69,Call
AAPL Sep14 91 Call,10.00,10.00,10.00,10.00,0,0,119,10.90,11.10,0.20,+1.15,25,-0.69,10.69,Call
AAPL Sep14 91 Call,10.62,10.62,10.62,10.62,2,0,101,10.70,10.85,0.15,+1.32,25,-0.07,10.69,Call
AAPL Sep14 92 Call,10.02,10.18,9.80,9.80,86,0,2797,9.85,10.00,0.15,+0.25,25,0.10,9.69,Call
AAPL Sep14 92 Call,10.20,10.20,10.00,10.00,13,0,259,10.00,10.15,0.15,+0.35,25,0.30,9.69,Call
AAPL Sep14 92 Call,10.00,10.00,10.00,10.00,1,0,412,9.75,9.85,0.10,+0.77,25,0.30,9.69,Call
AAPL Sep14 92.5 Call,9.65,9.90,9.29,9.51,790,0,24391,9.45,9.60,0.15,+0.31,25,0.31,9.19,Call
AAPL Sep14 93 Call,8.90,9.19,8.90,9.19,3,0,1209,8.85,9.00,0.15,+0.59,25,0.49,8.69,Call
AAPL Sep14 93 Call,8.50,8.50,8.50,8.50,0,0,114,9.05,9.25,0.20,+0.01,25,-0.19,8.69,Call
AAPL Sep14 93 Call,8.19,8.25,8.19,8.25,0,0,830,8.75,8.85,0.10,+0.45,25,-0.44,8.69,Call
AAPL Sep14 94 Call,8.00,8.25,7.89,8.06,255,0,1392,8.05,8.19,0.15,+0.35,25,0.36,7.69,Call
AAPL Sep14 94 Call,8.15,8.30,8.05,8.05,181,0,2579,7.95,8.05,0.10,+0.26,25,0.35,7.69,Call
AAPL Sep14 94 Call,8.40,8.55,8.40,8.40,63,0,342,8.15,8.35,0.20,+0.8,25,0.70,7.69,Call
AAPL Sep14 94 Call,8.25,8.25,7.72,8.13,104,0,1962,7.75,7.85,0.10,+0.73,25,0.43,7.69,Call
AAPL Sep14 95 Call,7.29,7.65,6.90,7.22,3292,0,47429,7.20,7.30,0.10,+0.27,25,0.52,6.69,Call
AAPL Sep14 95 Call,7.20,7.45,6.80,6.95,554,0,16806,6.95,7.15,0.20,+0.15,25,0.25,6.69,Call
AAPL Sep14 95 Call,7.80,7.80,7.25,7.25,153,0,1448,7.35,7.50,0.15,+0.22,25,0.55,6.69,Call
AAPL Sep14 95 Call,6.95,7.30,6.50,6.76,384,0,4171,6.75,6.90,0.15,+0.26,25,0.06,6.69,Call
AAPL Sep14 96 Call,6.43,6.64,6.22,6.35,275,0,799,6.30,6.45,0.15,+0.25,25,0.65,5.69,Call
AAPL Sep14 96 Call,6.40,6.50,6.00,6.15,63,0,2127,6.10,6.25,0.15,+0.35,25,0.45,5.69,Call
AAPL Sep14 96 Call,6.75,6.84,6.55,6.84,7,0,994,6.50,6.65,0.15,+0.67,25,1.14,5.69,Call
AAPL Sep14 96 Call,6.05,6.30,5.70,5.70,156,0,4280,5.80,5.90,0.10,+0.1,25,0.00,5.69,Call
AAPL Sep14 97 Call,5.60,5.60,5.10,5.23,442,0,14088,5.25,5.40,0.15,+0.28,25,0.53,4.69,Call
AAPL Sep14 97 Call,5.85,6.09,5.50,5.67,252,0,997,5.70,5.85,0.15,+0.12,25,0.97,4.69,Call
AAPL Sep14 97 Call,5.03,5.30,4.65,4.75,454,0,7496,4.85,4.95,0.10,+0.13,25,0.05,4.69,Call
AAPL Sep14 97.5 Call,5.20,5.55,4.85,5.20,1738,0,51391,5.10,5.20,0.10,+0.25,25,1.00,4.19,Call
AAPL Sep14 98 Call,4.55,4.88,4.35,4.49,1550,0,4102,4.45,4.60,0.15,+0.19,25,0.79,3.69,Call
AAPL Sep14 98 Call,5.30,5.45,4.85,5.05,358,0,1297,5.00,5.15,0.15,+0.35,25,1.35,3.69,Call
AAPL Sep14 98 Call,4.00,4.40,3.70,3.95,3255,0,6385,3.90,4.05,0.15,+0.2,25,0.25,3.69,Call
AAPL Sep14 99 Call,4.20,4.40,3.85,4.05,658,0,3647,4.05,4.15,0.10,+0.16,25,1.35,2.69,Call
AAPL Sep14 99 Call,3.90,4.09,3.59,3.70,967,0,27810,3.70,3.85,0.15,+0.15,25,1.00,2.69,Call
AAPL Sep14 99 Call,4.49,4.65,4.05,4.35,128,0,1589,4.30,4.45,0.15,+0.21,25,1.65,2.69,Call
AAPL Sep14 99 Call,3.15,3.51,2.85,2.96,599,0,5754,3.05,3.20,0.15,-0.02,25,0.26,2.69,Call
AAPL7 Sep14 100 Call,3.50,3.65,3.44,3.44,19,0,5832,3.40,3.50,0.10,+0.24,25,1.74,1.69,Call
AAPL7 Sep14 100 Call,3.10,3.10,3.10,3.10,6,0,46,2.81,3.50,0.69,+0.19,25,1.40,1.69,Call
AAPL7 Sep14 100 Call,3.30,3.30,3.30,3.30,0,0,199,3.45,4.20,0.75,+0.2,25,1.60,1.69,Call
AAPL7 Sep14 100 Call,2.67,2.67,2.67,2.67,1,0,38,2.00,2.82,0.82,+0.85,25,0.97,1.69,Call
AAPL7 Sep14 101 Call,2.13,2.13,2.13,2.13,0,0,19,1.25,2.86,1.61,-0.07,25,1.43,0.69,Call
AAPL7 Sep14 101 Call,1.65,2.28,1.65,2.28,0,0,16,2.90,3.55,0.65,+0.77,25,1.58,0.69,Call
AAPL7 Sep14 101 Call,2.06,2.06,2.06,2.06,6,0,45,1.32,2.11,0.79,+0.97,25,1.37,0.69,Call
AAPL7 Sep14 102 Call,2.06,2.14,2.06,2.11,11,0,77,1.76,2.10,0.34,+0.55,25,2.11,0.00,Call
AAPL7 Sep14 102 Call,2.72,2.72,2.72,2.72,2,0,4,2.43,2.96,0.53,+0.32,25,2.72,0.00,Call
AAPL7 Sep14 102 Call,1.26,1.26,1.06,1.06,6,0,122,0.96,1.52,0.56,-0.05,25,1.06,0.00,Call
AAPL7 Sep14 103 Call,1.55,1.68,1.55,1.55,17,0,53,1.34,1.80,0.46,+0.05,25,1.54,0.00,Call
AAPL7 Sep14 103 Call,2.04,2.04,2.00,2.00,0,0,28,2.00,2.48,0.48,+0.2,25,2.00,0.00,Call
AAPL7 Sep14 103 Call,0.60,0.60,0.60,0.60,0,0,5,0.62,1.00,0.38,+0.33,25,0.60,0.00,Call
AAPL7 Sep14 104 Call,0.98,0.98,0.98,0.98,0,0,18,1.01,1.39,0.38,-0.19,25,0.98,0.00,Call
AAPL7 Sep14 104 Call,1.60,1.60,1.60,1.60,0,0,61,1.63,2.06,0.44,+0.15,25,1.60,0.00,Call
AAPL7 Sep14 104 Call,,,,,,0,0,0.37,0.70,0.33,,25,-1.00,0.00,Call
AAPL7 Sep14 105 Call,1.26,1.26,1.09,1.20,18,0,538,1.15,1.22,0.07,+0.16,25,1.20,0.00,Call
AAPL7 Sep14 105 Call,0.96,1.02,0.96,1.02,105,0,7,0.76,1.02,0.26,+0.12,25,1.02,0.00,Call
AAPL7 Sep14 105 Call,1.25,1.25,1.25,1.25,0,0,7,1.32,1.72,0.40,+0.36,25,1.25,0.00,Call
AAPL7 Sep14 105 Call,0.25,0.25,0.25,0.25,2,0,2,0.21,0.44,0.23,-0.16,25,0.25,0.00,Call
AAPL7 Sep14 106 Call,,,,,,0,0,0.56,0.85,0.28,,25,-1.00,0.00,Call
AAPL7 Sep14 106 Call,1.05,1.05,1.05,1.05,0,0,11,1.05,1.42,0.37,-0.1,25,1.05,0.00,Call
AAPL7 Sep14 106 Call,,,,,,0,0,0.01,0.28,0.28,,25,-1.00,0.00,Call
AAPL7 Sep14 107 Call,,,,,,0,0,0.40,0.66,0.26,,25,-1.00,0.00,Call
AAPL7 Sep14 107 Call,1.00,1.01,1.00,1.01,15,0,9,0.83,1.09,0.26,+0.21,25,1.01,0.00,Call
AAPL7 Sep14 107 Call,,,,,,0,0,0.06,0.46,0.40,,25,-1.00,0.00,Call
AAPL7 Sep14 108 Call,,,,,,0,0,0.27,0.52,0.25,,25,-1.00,0.00,Call
AAPL7 Sep14 108 Call,,,,,,0,0,0.63,0.96,0.33,,25,-1.00,0.00,Call
AAPL7 Sep14 108 Call,,,,,,0,0,0.02,0.38,0.36,,25,-1.00,0.00,Call
AAPL7 Sep14 109 Call,,,,,,0,0,0.18,0.41,0.23,,25,-1.00,0.00,Call
AAPL7 Sep14 109 Call,,,,,,0,0,0.48,0.73,0.25,,25,-1.00,0.00,Call
AAPL7 Sep14 109 Call,,,,,,0,0,,0.13,,,25,-1.00,0.00,Call
AAPL7 Sep14 110 Call,0.35,0.39,0.30,0.30,40,0,398,0.30,0.35,0.05,-0.02,25,0.30,0.00,Call
AAPL7 Sep14 110 Call,,,,,,0,0,0.11,0.75,0.64,,25,-1.00,0.00,Call
AAPL7 Sep14 110 Call,0.41,0.41,0.41,0.41,0,0,21,0.36,0.66,0.30,+0,25,0.41,0.00,Call
AAPL7 Sep14 110 Call,0.25,0.25,0.25,0.25,0,0,1,0.01,0.33,0.32,+0,25,0.25,0.00,Call
AAPL7 Sep14 111 Call,,,,,,0,0,0.05,0.70,0.65,,25,-1.00,0.00,Call
AAPL7 Sep14 111 Call,,,,,,0,0,,0.31,,,25,-1.00,0.00,Call
AAPL7 Sep14 112 Call,,,,,,0,0,0.01,0.24,0.23,,25,-1.00,0.00,Call
AAPL7 Sep14 113 Call,,,,,,0,0,,0.21,,,25,-1.00,0.00,Call
AAPL7 Sep14 114 Call,,,,,,0,0,,0.20,,,25,-1.00,0.00,Call
AAPL7 Sep14 115 Call,0.08,0.08,0.08,0.08,3,0,36,0.08,0.10,0.02,-0.02,25,0.08,0.00,Call
AAPL7 Sep14 115 Call,,,,,,0,0,,0.19,,,25,-1.00,0.00,Call
AAPL7 Sep14 120 Call,0.08,0.08,0.08,0.08,3,0,0,0.01,0.08,0.07,+0,25,0.08,0.00,Call
AAPL7 Sep14 125 Call,,,,,,0,0,,0.07,,,25,-1.00,0.00,Call
AAPL7 Sep14 130 Call,,,,,,0,0,,0.06,,,25,-1.00,0.00,Call
AAPL7 Sep14 135 Call,,,,,,0,0,,0.05,,,25,-1.00,0.00,Call
AAPL7 Sep14 140 Call,,,,,,0,0,,0.05,,,25,-1.00,0.00,Call
AAPL7 Sep14 50 Call,50.05,50.05,50.05,50.05,0,0,1,49.50,53.80,4.30,+0,25,-1.64,51.69,Call
AAPL7 Sep14 55 Call,,,,,,0,0,44.30,48.80,4.50,,25,-47.69,46.69,Call
AAPL7 Sep14 60 Call,,,,,,0,0,39.35,43.80,4.45,,25,-42.69,41.69,Call
AAPL7 Sep14 65 Call,,,,,,0,0,34.50,38.80,4.30,,25,-37.69,36.69,Call
AAPL7 Sep14 70 Call,28.20,28.20,28.20,28.20,0,0,4,29.40,33.90,4.50,+0,25,-3.49,31.69,Call
AAPL7 Sep14 75 Call,25.55,25.55,25.55,25.55,0,0,381,24.50,28.85,4.35,-1,25,-1.14,26.69,Call
AAPL7 Sep14 80 Call,,,,,,0,0,20.70,22.65,1.95,,25,-22.69,21.69,Call
AAPL7 Sep14 85 Call,10.90,10.90,10.90,10.90,0,0,0,15.75,17.70,1.95,+0.3,25,-5.79,16.69,Call
AAPL7 Sep14 86 Call,,,,,,0,0,13.75,17.90,4.15,,25,-16.69,15.69,Call
AAPL7 Sep14 86 Call,9.00,9.00,9.00,9.00,0,0,20,14.35,17.75,3.40,-0.6,25,-6.69,15.69,Call
AAPL7 Sep14 86 Call,,,,,,0,0,13.75,17.80,4.05,,25,-16.69,15.69,Call
AAPL7 Sep14 87 Call,,,,,,0,0,12.70,16.89,4.20,,25,-15.69,14.69,Call
AAPL7 Sep14 87 Call,,,,,,0,0,13.20,16.89,3.70,,25,-15.69,14.69,Call
AAPL7 Sep14 87 Call,,,,,,0,0,12.70,16.85,4.15,,25,-15.69,14.69,Call
AAPL7 Sep14 88 Call,,,,,,0,0,11.80,15.90,4.09,,25,-14.69,13.69,Call
AAPL7 Sep14 88 Call,,,,,,0,0,12.45,15.75,3.30,,25,-14.69,13.69,Call
AAPL7 Sep14 88 Call,,,,,,0,0,11.70,15.85,4.15,,25,-14.69,13.69,Call
AAPL7 Sep14 89 Call,,,,,,0,0,10.80,14.90,4.09,,25,-13.69,12.69,Call
AAPL7 Sep14 89 Call,8.66,8.66,8.66,8.66,0,0,1,11.45,14.75,3.30,+0,25,-4.03,12.69,Call
AAPL7 Sep14 89 Call,,,,,,0,0,10.75,14.85,4.09,,25,-13.69,12.69,Call
AAPL7 Sep14 90 Call,11.90,11.95,11.90,11.95,5,0,21,11.25,12.50,1.25,+2,25,0.25,11.69,Call
AAPL7 Sep14 90 Call,,,,,,0,0,9.80,13.95,4.15,,25,-12.69,11.69,Call
AAPL7 Sep14 90 Call,,,,,,0,0,10.40,13.85,3.45,,25,-12.69,11.69,Call
AAPL7 Sep14 90 Call,,,,,,0,0,9.75,13.85,4.09,,25,-12.69,11.69,Call
AAPL7 Sep14 91 Call,,,,,,0,0,8.80,12.95,4.15,,25,-11.69,10.69,Call
AAPL7 Sep14 91 Call,,,,,,0,0,9.50,13.10,3.60,,25,-11.69,10.69,Call
AAPL7 Sep14 91 Call,6.46,6.46,6.46,6.46,0,0,17,8.80,12.85,4.05,+1.66,25,-4.23,10.69,Call
AAPL7 Sep14 92 Call,4.50,4.50,4.50,4.50,0,0,4,8.40,11.90,3.50,+0,25,-5.19,9.69,Call
AAPL7 Sep14 92 Call,,,,,,0,0,8.60,11.80,3.20,,25,-10.69,9.69,Call
AAPL7 Sep14 92 Call,6.50,6.50,6.50,6.50,0,0,33,8.10,11.90,3.80,+1.03,25,-3.19,9.69,Call
AAPL7 Sep14 93 Call,,,,,,0,0,7.00,10.95,3.95,,25,-9.69,8.69,Call
AAPL7 Sep14 93 Call,,,,,,0,0,7.80,10.95,3.15,,25,-9.69,8.69,Call
AAPL7 Sep14 93 Call,,,,,,0,0,6.70,10.85,4.15,,25,-9.69,8.69,Call
AAPL7 Sep14 94 Call,3.40,3.40,3.40,3.40,0,0,3,6.30,10.00,3.70,+0,25,-4.29,7.69,Call
AAPL7 Sep14 94 Call,,,,,,0,0,7.60,9.25,1.65,,25,-8.69,7.69,Call
AAPL7 Sep14 94 Call,,,,,,0,0,5.80,9.90,4.09,,25,-8.69,7.69,Call
AAPL7 Sep14 95 Call,7.50,7.50,7.10,7.50,3,0,206,6.85,7.50,0.65,+1.1,25,0.80,6.69,Call
AAPL7 Sep14 95 Call,5.90,5.90,5.90,5.90,0,0,7,5.50,8.90,3.40,+1.7,25,-0.79,6.69,Call
AAPL7 Sep14 95 Call,5.05,5.05,5.05,5.05,0,0,1,6.80,8.35,1.55,+0,25,-1.64,6.69,Call
AAPL7 Sep14 95 Call,6.53,6.53,6.53,6.53,0,0,20,5.40,8.90,3.50,+0.78,25,-0.16,6.69,Call
AAPL7 Sep14 96 Call,5.05,5.05,5.05,5.05,0,0,5,4.95,6.90,1.95,+2,25,-0.64,5.69,Call
AAPL7 Sep14 96 Call,6.14,6.14,6.14,6.14,0,0,6,6.05,7.40,1.35,+0,25,0.44,5.69,Call
AAPL7 Sep14 96 Call,4.85,4.85,4.80,4.80,0,0,164,4.40,7.65,3.25,+2.39,25,-0.89,5.69,Call
AAPL7 Sep14 97 Call,3.65,3.65,3.65,3.65,0,0,14,4.90,5.80,0.90,+0.66,25,-1.04,4.69,Call
AAPL7 Sep14 97 Call,4.25,4.25,4.25,4.25,0,0,5,5.35,6.50,1.15,+0,25,-0.44,4.69,Call
AAPL7 Sep14 97 Call,5.20,5.20,5.00,5.00,9,0,327,4.50,5.00,0.50,+1,25,0.30,4.69,Call
AAPL7 Sep14 98 Call,3.60,4.50,3.60,4.50,0,0,14,4.15,5.10,0.95,+1.5,25,0.80,3.69,Call
AAPL7 Sep14 98 Call,5.35,5.35,5.35,5.35,1,0,2,4.70,5.50,0.80,+2.15,25,1.65,3.69,Call
AAPL7 Sep14 98 Call,3.55,3.55,3.55,3.55,0,0,158,3.55,4.55,1.00,+0.2,25,-0.14,3.69,Call
AAPL7 Sep14 99 Call,2.10,2.10,2.10,2.10,0,0,50,3.45,4.25,0.80,+0.17,25,-0.59,2.69,Call
AAPL7 Sep14 99 Call,3.60,4.00,3.60,4.00,0,0,35,4.05,4.95,0.90,+1.1,25,1.30,2.69,Call
AAPL7 Sep14 99 Call,2.47,2.47,2.40,2.40,0,0,30,2.50,3.60,1.10,+0.92,25,-0.29,2.69,Call
